Hub_ID,Centrality_Score,Flow_Volume,Avg_Hub_Delay
128.0,0.17048207998205636,2850,-616.9957894736842
700.0,0.1275724124644678,4093,-1011.0393354507696
815.0,0.12404640582418727,2809,-529.3517265930936
349.0,0.10552710159755052,2556,252.5524256651017
128,0.0969792468827852,2161,9.853771402128643
