,Planned_Mins,Effective_Mins,Delay_Mins
Planned_Mins,1.0,0.407405386467979,-0.09331961939939781
Effective_Mins,0.407405386467979,1.0,0.8712432785135394
Delay_Mins,-0.09331961939939781,0.8712432785135394,1.0
